Workbook

Sheet Love's Fuel Stations 
A1: Store | B1: Address | C1: City/ State | D1: Phone No. | E1: Items
A2: Store 833 | B2: 6201 Shortman Road | C2: Ripley, NY 14775 | D2: (716) 736-2023 | E2: DIESEL
A3: Store 772 | B3: 7748 Route 53 | C3: Bath, NY 14810 | D3: (607) 622-1150 | E3: CASH ADVANCE | H3: Pump
A4: Store 820 | B4: 1262 Route 414 | C4: Waterloo, NY 13165 | D4: (315) 835-7244 | E4: DEF | H4: Gallons:
A5: Store 403 | B5: 2 Industrial Park Dr | C5: Binghamton, NY 13904 | D5: (607) 651-9153 | E5: REEFER | H5: Price / Gal :
A6: Store 870 | B6: 23425 State Route 12 | C6: Watertown, NY 13601 | D6: (315) 221-7018
A7: Store 611 | B7: 12845 Route 22 | C7: Canaan, NY 12029 | D7: (518) 781-4040
A8: Store 731 | B8: 1011 New Castle Road | C8: Slippery Rock, PA 16057 | D8: (724) 530-2965
A9: Store 829 | B9: 1373 Route 28 | C9: Brookville, PA 15825 | D9: (814) 646-6014
A10: Store 407 | B10: 1165 Harrisburg Pike | C10: Carlisle, PA 17013 | D10: (717) 240-0055
A11: Store 535 | B11: 3555 Vine St | C11: Londonderry, PA 17057 | D11: (717) 948-1840
A12: Store 924 | B12: 7709 Linglestown Rd | C12: Harrisburg, PA 17112 | D12: (717) 526-4840
A13: Store 366 | B13: 22 Old Forge Rd | C13: Jonestown , PA 17038 | D13: (717) 861-7390
A14: Store 324 | B14: 440 W. 3rd | C14: Mifflinville , PA 18631 | D14: (570) 752-9013
A15: Store 358 | B15: 3700 Mountain Road | C15: Hamburg, PA 19526 | D15: (610) 488-8840
A16: Store 317 | B16: 770 Moores Ferry Rd | C16: Skippers, VA 23879 | D16: (434) 336-0203
A17: Store 435 | B17: 23845 Rogers Clark Blvd | C17: Ruther Glen, VA 22546 | D17: (804) 448-0102
... A52: Store 920 | B52: 5225 W 26th Ave | C52: Gary, IN 46406 | D52: (219) 844-0484

Sheet FLYING J 
A1: Store | B1: Address | C1: City/ State | D1: Phone No. | E1: Items
A2: Store 693 | B2: 8484 Alleghany Road | C2: Corfu, NY 14036 | D2: (585) 599-4430 | E2: Truck Diesel
A3: Store 380 | B3: 107 Seventh North Street | C3: Liverpool, NY 13088 | D3: (315) 424-0124 | E3: DEF Fuel Item | H3: Pump
A4: Store 1317 | B4: 164 Riverside Drive | C4: Fultonville, NY 12072 | D4: (518) 414-0591 | E4: Reefer Fuel | H4: Gallons:
A5: Store 494 | B5: 1128 Duanesburg Road | C5: Schenectady, NY 12306 | D5: (518) 356-5616 | E5: Cash Advance Item | H5: Price / Gal :
A6: Store 394 | B6: 239 Route 17K | C6: Newburgh, NY 12550 | D6: (845) 567-1722
A7: Store 707 | B7: 246 Allegheny Blvd | C7: Brookville, PA 15825 | D7: (814) 849-2992
A8: Store 4563 | B8: 7833 Linglestown Road | C8: Harrisburg, PA 17112 | D8: (717) 901-6186
A9: Store 370 | B9: 417 Route 315 | C9: Pittston, PA 18640 | D9: (570) 655-4116
A10: Store 311 | B10: 8035 Perry Hwy | C10: Erie, PA 16509 | D10: (814) 864-8536
A11: Store 708 | B11: 1501 Harrisburg Pike | C11: Carlisle, PA 17015 | D11: (717) 243-6659
A12: Store 348 | B12: 205 Wilson Road | C12: Bentleyville, PA 15314 | D12: (724) 774-0811
A13: Store 752 | B13: 1530 Rest Church Road | C13: Clear Brook, VA 22624 | D13: (540) 678-3641
A14: Store 754 | B14: 3249 Chapman Road | C14: Wytheville, VA 24382 | D14: (276) 228-7110
A15: Store 876 | B15: 23866 Rogers Clark Blvd. | C15: Ruther Glen, VA 22546 | D15: (804) 448-3077
A16: Store 749 | B16: 24279 Rogers Clark Boulevard | C16: Ruther Glen, VA 22546 | D16: (804) 448-9047
A17: Store 683 | B17: 1800 Princeton Kenly Rd | C17: Kenly, NC 27542 | D17: (919) 284-4548
... A52: Store 632 | B52: 288 Resaca Beach Blvd NW | C52: Resaca, GA 30735 | D52: (706) 629-1541

Sheet Pilot 
A1: Store | B1: Address | C1: City/ State | D1: Phone No. | E1: Items
A2: Store 4649 | B2: 713 Oakland Circle | C2: Raphine, VA 24472 | D2: (540) 377-923 | E2: Truck Diesel
A3: Store 396 | B3: 3541 Lee Jackson Highway | C3: Staunton, VA 24401 | D3: (540) 324-0714 | E3: DEF Fuel Item | H3: Pump
A4: Store 256 | B4: 110 River Point Dr | C4: Danville, VA 24540 | D4: (434) 792-1180 | E4: Reefer Fuel | H4: Gallons:
A5: Store 491 | B5: 3634 North Valley Pike | C5: Harrisonburg, VA 22802 | D5: (540) 434-2529 | E5: Cash Advance Item | H5: Price / Gal :
A6: Store 4619 | B6: 1318 East Lee Highway | C6: Wytheville, VA 24382 | D6: (276) 228-2421
A7: Store 348 | B7: 205 Wilson Road | C7: Bentleyville, PA 15314 | D7: (724) 774-0811
A8: Store 81 | B8: 2010 New Castle Road | C8: Portersville, PA 16051 | D8: (724) 368-3028
A9: Store 503 | B9: 2309 Smithtown Road | C9: Morgantown, WV 26508 | D9: (304) 284-8518
A10: Store 243 | B10: 4304 First Avenue | C10: Nitro, WV 25143 | D10: (304) 755-8654
A11: Store 7996 | B11: 2700 Chamber Dr | C11: Monroe, NC 28110 | D11: (980) 315-4010
A12: Store 6996 | B12: 2574 W NC Highway 24 | C12: Warsaw, NC 28398 | D12: (910) 293-7070
A13: Store 275 | B13: 3807 Statesville Avenue | C13: Charlotte, NC 28206 | D13: (704) 358-1006
A14: Store 7983 | B14: 985 Peeler Road | C14: Salisbury, NC 28147 | D14: (704) 255-5238
A15: Store 4566 | B15: 2768 East Cherokee Street | C15: Blacksburg, SC 29702 | D15: (864) 936-9984
A16: Store 1082 | B16: 5714 N Rhett Ave | C16: Charleston, SC 29406 | D16: (843) 745-9300
A17: Store 4569 | B17: 15976 Whyte Hardee Blvd | C17: Hardeeville, SC 29927 | D17: (843) 784-3350
... A52: Store 192 | B52: 4431 Union Road | C52: Tifton, GA 31794 | D52: (229) 382-7295

Sheet One 9 
A1: Store | B1: Address | C1: City/ State | D1: Phone No. | E1: Items
A2: Store 1414 | B2: 5151 N Fork Road | C2: Elliston, VA 24087 | D2: (540) 268-9500 | E2: Truck Diesel
A3: Store 245 | B3: 7961 Linglestown Road | C3: Harrisburg, PA 17112 | D3: (717) 545-5507 | E3: Cash Advance Item
A4: Store 58 | B4: 2032 Highway 48 | C4: Pleasant Hill, NC 27866 | D4: (252) 537-4476 | H4: Pump
A5: Store 4567 | B5: 1155 South Anderson Road | C5: Rock Hill, SC 29730 | D5: (803) 329-0078 | H5: Gallons:
A6: Store 713 | B6: 111 Mill Branch Road | C6: Latta, SC 29565 | D6: (843) 752-5047 | H6: Price / Gal :
A7: Store 1403 | B7: 6723 US-129 | C7: Jasper, FL 32052 | D7: (386) 792-1898
A8: Store 89 | B8: 1526 51st Ave E | C8: Ellenton, FL 34222 | D8: (941) 729-6288
A9: Store 1401 | B9: 14170 US-441 | C9: Lake City, FL 32024 | D9: (386) 754-6511
A10: Store 1402 | B10: 2091 Hwy 71 | C10: Marianna, FL 32448 | D10: (850) 633-2467
A11: Store 23 | B11: 7205 South State Road | C11: Ionia, MI 48846 | D11: (616) 527-6520
A12: Store 16 | B12: 5772 N US Hwy 68 | C12: Wilmington, OH 45177 | D12: (937) 382-0464
A13: Store 1318 | B13: 325 E Evergreen Street | C13: Strafford, MO 65757 | D13: (417) 736-0017
A14: Store 301 | B14: 917 East Elm Street | C14: Marston, MO 63866 | D14: (573) 643-2320
A15: Store 1330 | B15: 2101 Highway 49 | C15: Brinkley, AR 72021 | D15: (870) 638-4135
A16: Store 1416 | B16: 4880 Mountain Creek Pkwy | C16: Dallas, TX 75236 | D16: (972) 709-7560
A17: Store 1285 | B17: 87125 IH 20 | C17: Santo, TX 76472 | D17: (940) 769-2584
A18: Store 1417 | B18: 12016 I-35 | C18: Lorena, TX 76655 | D18: (254) 655-5165
... A51: Store 1251 | B51: 399 McCormick St | C51: Wamsutter, WY 82336 | D51: (307) 372-9196

Sheet TA
A1: Store | B1: Address | C1: City/ State | D1: Phone No. | E1: Items
A2: =CONCATENATE(Sheet3!A2," ",Sheet3!B2," #",Sheet3!C2) -> TA Ashland #1 | B2: 100 North Carter Rd | C2: =CONCATENATE(Sheet3!E2," ",Sheet3!F2," ",Sheet3!G2) -> Ashland Virginia 23005 | D2: 804-798-6011 | E2: Diesel | H2: Pump
A3: =CONCATENATE(Sheet3!A3," ",Sheet3!B3," #",Sheet3!C3) -> TA Whitsett #2 | B3: 1101 NC Highway 61 | C3: =CONCATENATE(Sheet3!E3," ",Sheet3!F3," ",Sheet3!G3) -> Whitsett North Carolina 27377 | D3: 336-449-6060 | E3: DEF | H3: Gallons:
A4: =CONCATENATE(Sheet3!A4," ",Sheet3!B4," #",Sheet3!C4) -> TA Brookville #3 | B4: 245 Allegheny Blvd. | C4: =CONCATENATE(Sheet3!E4," ",Sheet3!F4," ",Sheet3!G4) -> Brookville Pennsylvania 15825 | D4: 814-849-3051 | H4: Price / Gal :
A5: =CONCATENATE(Sheet3!A5," ",Sheet3!B5," #",Sheet3!C5) -> TA Columbia #6 | B5: 2 Simpson Road | C5: =CONCATENATE(Sheet3!E5," ",Sheet3!F5," ",Sheet3!G5) -> Columbia New Jersey 7832 | D5: 908-496-4124
A6: =CONCATENATE(Sheet3!A6," ",Sheet3!B6," #",Sheet3!C6) -> TA Eloy #7 | B6: 2949 North Toltec Road | C6: =CONCATENATE(Sheet3!E6," ",Sheet3!F6," ",Sheet3!G6) -> Eloy Arizona 85131 | D6: 520-466-7363
A7: =CONCATENATE(Sheet3!A7," ",Sheet3!B7," #",Sheet3!C7) -> TA Gallup #8 | B7: 3404 W Historical Highway 66 | C7: =CONCATENATE(Sheet3!E7," ",Sheet3!F7," ",Sheet3!G7) -> Gallup New Mexico 87301 | D7: 505-863-6801
A8: =CONCATENATE(Sheet3!A8," ",Sheet3!B8," #",Sheet3!C8) -> TA Gary #10 | B8: 2510 Burr St. | C8: =CONCATENATE(Sheet3!E8," ",Sheet3!F8," ",Sheet3!G8) -> Gary Indiana 46406 | D8: 219-845-3721
A9: =CONCATENATE(Sheet3!A9," ",Sheet3!B9," #",Sheet3!C9) -> TA Eaton #11 | B9: 6762 US Rte 127 | C9: =CONCATENATE(Sheet3!E9," ",Sheet3!F9," ",Sheet3!G9) -> Eaton Ohio 45320 | D9: 937-456-5522
A10: =CONCATENATE(Sheet3!A10," ",Sheet3!B10," #",Sheet3!C10) -> TA Harrisburg #12 | B10: 7848 Linglestown Road | C10: =CONCATENATE(Sheet3!E10," ",Sheet3!F10," ",Sheet3!G10) -> Harrisburg Pennsylvania 17112 | D10: 717-652-4556
A11: =CONCATENATE(Sheet3!A11," ",Sheet3!B11," #",Sheet3!C11) -> TA Las Cruces #14 | B11: 202 N. Motel Blvd | C11: =CONCATENATE(Sheet3!E11," ",Sheet3!F11," ",Sheet3!G11) -> Las Cruces New Mexico 88007 | D11: 575-527-7400
A12: =CONCATENATE(Sheet3!A12," ",Sheet3!B12," #",Sheet3!C12) -> TA Seville #15 | B12: 8834 Lake Road | C12: =CONCATENATE(Sheet3!E12," ",Sheet3!F12," ",Sheet3!G12) -> Seville Ohio 44273 | D12: 330-769-2053
A13: =CONCATENATE(Sheet3!A13," ",Sheet3!B13," #",Sheet3!C13) -> TA Tuscaloosa #16 | B13: 3501 Buttermilk Road | C13: =CONCATENATE(Sheet3!E13," ",Sheet3!F13," ",Sheet3!G13) -> Tuscaloosa Alabama 35453 | D13: 205-554-0215
A14: =CONCATENATE(Sheet3!A14," ",Sheet3!B14," #",Sheet3!C14) -> TA Baytown #17 | B14: 6800 Thompson Road | C14: =CONCATENATE(Sheet3!E14," ",Sheet3!F14," ",Sheet3!G14) -> Baytown Texas 77521 | D14: 281-424-7772
A15: =CONCATENATE(Sheet3!A15," ",Sheet3!B15," #",Sheet3!C15) -> TA Concordia #18 | B15: 102 N W 4th Street | C15: =CONCATENATE(Sheet3!E15," ",Sheet3!F15," ",Sheet3!G15) -> Concordia Missouri 64020 | D15: 660-463-2001
A16: =CONCATENATE(Sheet3!A16," ",Sheet3!B16," #",Sheet3!C16) -> TA Elkton #19 | B16: 1400 Elkton Road | C16: =CONCATENATE(Sheet3!E16," ",Sheet3!F16," ",Sheet3!G16) -> Elkton Maryland 21921 | D16: 410-398-7000
... A30: =CONCATENATE(Sheet3!A30," ",Sheet3!B30," #",Sheet3!C30) -> TA Mt. Vernon #43 | B30: 4510 Broadway St | C30: =CONCATENATE(Sheet3!E30," ",Sheet3!F30," ",Sheet3!G30) -> Mt. Vernon Illinois 62864 | D30: 618-244-4242

Sheet Mr Fuel 
A1: Store | B1: Address | C1: City/ State | D1: Phone No. | E1: Items
A2: Store 753 | B2: 23818 Rogers Clark Blvd. | C2: Ruther Glen, VA 22546 | D2: (804) 448-0410 | E2: Truck Diesel | G2: Pump
A3: Store 64 | B3: 1521 N Main St | C3: Summerville, SC 29486 | D3: (843) 486-5770 | E3: DEF Fuel Item | G3: Gallons:
A4: Store 1149 | B4: 3515 Zoo Parkway | C4: Jacksonville, FL 32226 | D4: (904) 696-9566 | E4: Reefer Fuel | G4: Price / Gal :
A5: Store 732 | B5: 2840 Salt Springs Rd | C5: Girard, OH 44420 | D5: (330) 530-4024 | E5: Cash Advance Item
A6: Store 715 | B6: 11 Highway W | C6: Foristell, MO 63348 | D6: (636) 673-1011
A7: Store 718 | B7: 8915 Weier Road | C7: Pevely, MO 63070 | D7: (636) 475-7403
A8: Store 1108 | B8: 3206 W Trinity Blvd | C8: Grand Prairie, TX 75050 | D8: (972) 237-7905
A9: Store 278 | B9: 118 Richwood Road | C9: Walton, KY 41094 | D9: (859) 365-2908
A10: Store 72 | B10: 1504 Dean Forest Rd | C10: Savannah, GA 31408 | D10: (912) 964-5280

Sheet Extra Notes
C2: Sometimes fuel is filled in a total amount, for example 250$, in that case we will enter full amount and per gallon/liter amount.
C3: Items will be selectable and add able meaning more then 2 items can be added on a receipt
C4: Date, Gallons, Price / Gal, Pump, Payment Mode will be manually selectable or added
C5: store will be selected manually from drop down menu
C6: Pump will also be selected randomly from 1-25 number

Sheet Sheet3
D1: STORE
A2: TA | B2: Ashland | C2: 1 | E2: Ashland | F2: Virginia | G2: 23005
A3: TA | B3: Whitsett | C3: 2 | E3: Whitsett | F3: North Carolina | G3: 27377
A4: TA | B4: Brookville | C4: 3 | E4: Brookville | F4: Pennsylvania | G4: 15825
A5: TA | B5: Columbia | C5: 6 | E5: Columbia | F5: New Jersey | G5: 7832
A6: TA | B6: Eloy | C6: 7 | E6: Eloy | F6: Arizona | G6: 85131
A7: TA | B7: Gallup | C7: 8 | E7: Gallup | F7: New Mexico | G7: 87301
A8: TA | B8: Gary | C8: 10 | E8: Gary | F8: Indiana | G8: 46406
A9: TA | B9: Eaton | C9: 11 | E9: Eaton | F9: Ohio | G9: 45320
A10: TA | B10: Harrisburg | C10: 12 | E10: Harrisburg | F10: Pennsylvania | G10: 17112
A11: TA | B11: Las Cruces | C11: 14 | E11: Las Cruces | F11: New Mexico | G11: 88007
A12: TA | B12: Seville | C12: 15 | E12: Seville | F12: Ohio | G12: 44273
A13: TA | B13: Tuscaloosa | C13: 16 | E13: Tuscaloosa | F13: Alabama | G13: 35453
... A30: TA | B30: Mt. Vernon | C30: 43 | E30: Mt. Vernon | F30: Illinois | G30: 62864
